<?xml version="1.0" encoding="ISO-8859-1"?>
<ct_LotePedidos_v1>
	<NumeroLote>*</NumeroLote>
	<CodigoApoiado>777</CodigoApoiado>
	<CodigoSenhaIntegracao>D7777</CodigoSenhaIntegracao>
	<ListaPedidos>
		<ct_Pedidos_v1>
			<ListaPacienteApoiado>
				<RGPacienteApoiado>77777791</RGPacienteApoiado>
				<NomePaciente>Diagnosticos do Brasil</NomePaciente>
				<SexoPaciente>M</SexoPaciente>
				<DataHoraPaciente>01/01/2000</DataHoraPaciente> 
				<NumeroCPF>*</NumeroCPF>
				<NumeroCartaoNacionalSaude>*</NumeroCartaoNacionalSaude>
            </ListaPacienteApoiado>
			<NumeroAtendimentoApoiado>777777812302</NumeroAtendimentoApoiado>
			<CodigoPrioridade>R</CodigoPrioridade>
			<DescricaoDadosClinicos>*</DescricaoDadosClinicos>
			<DescricaoMedicamentos>*</DescricaoMedicamentos>
			<DataHoraDUM>*</DataHoraDUM>
			<Altura>1,75</Altura> 
			<Peso>75</Peso>
			<ListaProcedimento>
				<ct_Procedimento_v1>
					<CodigoExameDB>TSH</CodigoExameDB>
					<DescricaoRegiaoColeta>*</DescricaoRegiaoColeta>
					<VolumeUrinario>0</VolumeUrinario>
				</ct_Procedimento_v1>
				<ct_Procedimento_v1>
					<CodigoExameDB>T3L</CodigoExameDB>
					<DescricaoRegiaoColeta>*</DescricaoRegiaoColeta>
					<VolumeUrinario>0</VolumeUrinario>
				</ct_Procedimento_v1>
				<ct_Procedimento_v1>
					<CodigoExameDB>HEMO</CodigoExameDB>
					<DescricaoRegiaoColeta>*</DescricaoRegiaoColeta>
					<VolumeUrinario>0</VolumeUrinario>
				</ct_Procedimento_v1>
				<ct_Procedimento_v1>
					<CodigoExameDB>ELPR</CodigoExameDB>
					<DescricaoRegiaoColeta>*</DescricaoRegiaoColeta>
					<VolumeUrinario>0</VolumeUrinario>
				</ct_Procedimento_v1>
				<ct_Procedimento_v1>
					<CodigoExameDB>CULT</CodigoExameDB>
					<DescricaoRegiaoColeta>*</DescricaoRegiaoColeta>
					<VolumeUrinario>0</VolumeUrinario>
				</ct_Procedimento_v1>
				<ct_Procedimento_v1>
					<CodigoExameDB>PEPP</CodigoExameDB>
					<DescricaoRegiaoColeta>*</DescricaoRegiaoColeta>
					<VolumeUrinario>0</VolumeUrinario>
				</ct_Procedimento_v1>
				<ct_Procedimento_v1>
					<CodigoExameDB>MIC24</CodigoExameDB>
					<DescricaoRegiaoColeta>*</DescricaoRegiaoColeta>
					<VolumeUrinario>0</VolumeUrinario>
				</ct_Procedimento_v1>
				<ct_Procedimento_v1>
					<CodigoExameDB>CUBAR</CodigoExameDB>
					<DescricaoRegiaoColeta>*</DescricaoRegiaoColeta>
					<VolumeUrinario>0</VolumeUrinario>
				</ct_Procedimento_v1>
				<ct_Procedimento_v1>
					<CodigoExameDB>T4L</CodigoExameDB>
					<DescricaoRegiaoColeta>*</DescricaoRegiaoColeta>
					<VolumeUrinario>0</VolumeUrinario>
				</ct_Procedimento_v1>
				<ct_Procedimento_v1>
					<CodigoExameDB>PAPA</CodigoExameDB>
					<DescricaoRegiaoColeta>*</DescricaoRegiaoColeta>
					<VolumeUrinario>0</VolumeUrinario>
				</ct_Procedimento_v1>
			</ListaProcedimento>
			<ListaSolicitante>
			   <ct_Solicitante_v1>
				<NomeSolicitante>*</NomeSolicitante>
				<CodigoConselho>CRM</CodigoConselho>
				<CodigoUFConselhoSolicitante>PR</CodigoUFConselhoSolicitante>
				<CodigoConselhoSolicitante>1</CodigoConselhoSolicitante>
			   </ct_Solicitante_v1>
			</ListaSolicitante>
			<ListaQuestionarios>
			   <ct_Questionario_v1>
			     <CodigoPerguntaQuestionario>*</CodigoPerguntaQuestionario>
				 <RespostaQuestionario>*</RespostaQuestionario>
			   </ct_Questionario_v1>
			</ListaQuestionarios>
			<NumeroAtendimentoDBReserva>*</NumeroAtendimentoDBReserva>
			<UsoApoiado>novo layout</UsoApoiado>
			<PostoColeta>DB Patologia</PostoColeta>
		</ct_Pedidos_v1>
	</ListaPedidos>
</ct_LotePedidos_v1>
